ORF,AA13vAA17_FUP,AA13vAS18_FUP,AA13vAS19_FUP,AA17vAS18_FUP,AA17vAS19_FUP,AS18vAS19_FUP,AAvAS_mean,mean
PF3D7_0708000,0.6422013526811589,1.6794786594298212,1.8772399955168717,2.202479543286929,2.2546625933720565,0.7815530899203864,2.00346519790142,1.5729358723678706
PF3D7_0724200,0.9463035150661236,1.7178183064612775,1.8934554299639008,2.1516173275540726,2.252765711261836,0.8798680574411952,2.003914193810272,1.6403047246247342
PF3D7_1408700,0.8412618631626226,1.9282840732352649,2.0912350699235263,1.907969359507362,2.0902006134794058,1.2611726497859312,2.004422279036389,1.6866872715156858
PF3D7_1313300,0.7398722980811576,1.9810483379142911,1.9446066793317032,2.1521967348177338,1.947141993405052,0.8608837134691645,2.006248436367194,1.6042916261698503
PF3D7_1015200.2,0.9412884166528852,1.9643778591253247,2.261961979077982,1.7021089616963885,2.0989433812574525,1.99795523507372,2.0068480452892867,1.8277726388139584
PF3D7_1322800,0.7800887203383036,1.9781523650278616,2.7318741369866157,1.3102859953670596,2.019144961021828,0.9309218386016841,2.0098643646008414,1.6250780028905585
PF3D7_1314400,0.8084978993222344,1.7130285467495818,2.3222208400738817,1.6757161350375902,2.335699479455486,1.0485019136779221,2.011666250329135,1.650610802386116
PF3D7_1121600,0.6173471599909537,1.6187587117308604,1.9765279612427968,2.029258499068748,2.4326111272733177,0.7063801845315256,2.014289074828931,1.5634806073063672
PF3D7_1016400,0.6208936737186624,1.815801837997956,1.9386004897059372,2.026319983859724,2.278526754571602,0.7761907164702241,2.014812266533805,1.5760555760540174
PF3D7_1238300,0.7924120357785017,1.7424660884637821,2.240330788555737,1.8148694990017589,2.271443597017577,0.908007847188489,2.017277493259713,1.6282549760009744
PF3D7_1332200,0.4610465617417274,1.0663896401878932,2.6113128154488225,1.3770787233225608,3.0192029395472564,1.9478008471590849,2.018496029626633,1.7471385879012242
PF3D7_1024300,0.7354871257257924,1.5944269616863849,2.2852150170846053,1.7842825518353185,2.43330744057977,1.084626145360609,2.02430799279652,1.6528908737120798
PF3D7_1033300,0.9038568716036828,1.6885853718804076,2.022570720021975,1.9570763852107749,2.4300049636839285,0.7972661409111749,2.0245593601992717,1.6332267422186568
PF3D7_0730000,0.9351333871587284,1.6736458764875735,1.8398614997093208,2.2937900930581776,2.302148976580302,0.8427217133360991,2.0273616114588435,1.6478835910550331
PF3D7_1241100,0.8476976499518278,1.5240625123113525,2.380963601718291,1.7679221747041496,2.4370808283030065,1.3097523772843411,2.0275072792592,1.7112465240454948
PF3D7_1026200,0.9938526352373256,1.5972826049627629,1.7327855256606737,2.4249018386783714,2.3740728194737835,0.6586879309224809,2.0322606971938977,1.630263892489233
PF3D7_1114200,0.87901002216085,1.63539094739804,2.438873763904585,1.7553399562690601,2.3019739268740413,1.7098173439069042,2.0328946486114314,1.7867343267522466
PF3D7_1464900,0.954723056191092,1.9085533262733136,1.8190423982913195,2.306362394778499,2.1005378541388993,0.9628019232281108,2.033623993370508,1.675336825483539
PF3D7_0629700,0.9800918273933216,1.813360152832008,2.2710078632668,1.7398563758989007,2.31761604252774,1.7134211741045664,2.0354601086313617,1.8058922393372223
PF3D7_1102300,0.9063436687219476,1.8402362393060148,2.0314346178570006,2.0149470839374164,2.2628674262999238,1.6958907444165423,2.037371341850089,1.7919532967564742
PF3D7_0415400,0.7806555509469829,1.7464100941296858,2.176998045277849,1.841479235508264,2.3899277459919293,1.6671970371679783,2.038703780226932,1.7671112848371149
PF3D7_0822900,0.7804832749537984,0.7320789985997259,2.687061226481453,1.3498641622880858,3.3895293842146503,2.2604605631848784,2.039633442895979,1.866579601620432
PF3D7_1435700.2,0.7860663378585185,1.8498236501836962,1.7430107745907573,2.3490714139159885,2.228366466986092,0.5747585115161615,2.0425680764191334,1.5885161925085356
PF3D7_1006100,0.7592214739745453,1.9595889445900976,1.7610267785746894,2.3007046253994607,2.150300793284581,0.6817849276949057,2.0429052854622074,1.6021045905863802
PF3D7_1416100,0.9189917096411764,1.7238742694792517,1.8665146482255777,2.302685217898812,2.2902078411243214,0.8612345617336522,2.0458204941819904,1.660584708017132
PF3D7_0820900,0.6178964505239084,1.8496354018149768,2.0703551043122266,2.0274850711780816,2.2544639357287366,1.0826670608725422,2.050484878258505,1.6504171707384119
PF3D7_0405800,0.6547069471674765,1.7049280837825926,2.3866723966111167,1.6718658825509944,2.440652381799949,1.0245892095686653,2.051029686186163,1.6472358169134658
PF3D7_0929000,0.8739619239992561,2.2285892036750026,1.9192985342207296,2.113179621598302,1.9518587717187532,1.2491143179954565,2.0532315328031965,1.72266706220125
PF3D7_1309800,0.8083696236195906,1.746435901473521,1.7647861957687956,2.386984385463037,2.323271855037752,0.4964683567106361,2.0553695844357764,1.5877193863455554
PF3D7_0603300,0.6094106246004135,1.8309531415011624,1.8506264778892103,2.2588483080399246,2.2819033436753364,0.5161441846889591,2.0555828177764086,1.5579810133991678
PF3D7_1347500,0.9641510568798598,1.7870886601632958,2.0102545657467705,2.062203828363089,2.3838012436398968,2.3895233236410967,2.0608370744782634,1.9328371130723347
PF3D7_1412300,0.9106292045816062,1.6399715909038497,2.12283076559789,2.0697262490026107,2.419549143507452,1.4905140222339752,2.0630194372529504,1.775536829304564
PF3D7_1420400,0.9528652260250988,1.7452707100513551,1.960383730667025,2.1655999191980566,2.394731058840681,0.6777450224097343,2.06649635468928,1.6494326111986588
PF3D7_0406400,1.022940560441103,1.8839834296516256,2.08372617531313,2.141200183541208,2.1630380917431378,1.1849144226512145,2.0679869700622757,1.7466338105569033
PF3D7_0719300,0.9467216134085921,1.5506138922130066,2.0140360119980087,2.125129003600306,2.5833246411128123,0.7997130344646751,2.0682758872310334,1.6699230327995669
PF3D7_0503600,0.9971515700715552,0.6470797219923401,2.6348730621872485,1.4610490613931202,3.539204275106448,2.3556689535450768,2.070551530169789,1.9391711073826317
PF3D7_0602900,0.982062381488029,1.4288434343880028,1.9101463775065897,2.257572460696865,2.6898582336299297,0.7209925461273943,2.0716051265553466,1.664912572306135
PF3D7_0801500,0.9013457149939508,2.0169616766626444,2.128383212725021,2.0212837521355644,2.1327686460809505,0.8581626378152603,2.0748493219010453,1.6764842734022318
PF3D7_1038000.2,0.7721904825139952,1.7934948617508368,2.151456919307687,1.9863899972818504,2.3755943951780214,1.2342341550619165,2.0767340433795987,1.7188934685157176
PF3D7_0717900,0.6383830285313851,1.8550835126267475,2.0295653406736407,2.1568536115962713,2.2761307368148764,0.4800482797182466,2.0794083004278843,1.572677418326861
PF3D7_1468700,1.0302862317680306,2.4387180820334846,2.0861790217552763,1.9374356724849824,1.8582025435100655,2.582822713785629,2.080133829945952,1.9889407108895782
PF3D7_1454100,0.4636913017766111,1.6425920624316837,2.8578921343109354,1.3301226983630834,2.537029573516947,1.7773459956421518,2.0919091171556623,1.7681122943402352
PF3D7_0613900,0.9207172337539744,0.8108356410994434,2.587973427007288,1.5462275506325889,3.4288736003872837,2.131577078515606,2.093477554781651,1.9043674218993645
PF3D7_0314100.1,0.9650881365990346,1.7650970585184904,1.8527913944341847,2.241866238006552,2.5520894985930966,1.2662142194782444,2.102961047388081,1.773857757604934
PF3D7_1448800,1.0023889896713356,1.7358434333652324,2.1278349938785293,2.129324719472165,2.4198428691557115,1.0144735555421491,2.1032115039679096,1.7382847601808535
PF3D7_1309500,1.0191070200997747,1.88011015398081,2.4100250645714247,1.8084112981896103,2.315182738020445,1.1110332784536834,2.1034323136905733,1.7573115922192917
PF3D7_1251200,1.0261905171323866,0.9601108857803804,2.598363077107348,1.4096328021940978,3.4908407203729426,2.4724651221763683,2.114736871363692,1.992933854127254
PF3D7_1232800,0.9428642895787008,2.0089826045882733,1.943060724422204,2.1836481050110432,2.3359864780901893,0.94328088522191,2.1179194780279267,1.7263038478187198
PF3D7_1007000,0.7850883397462789,1.828843085982164,2.363999201102944,1.886065302163845,2.417796754932981,1.0608400207939663,2.1241760860454835,1.7237721174536966
PF3D7_1336800,0.6513973965448816,1.882550333169606,2.2628490021352903,2.0045195742884783,2.347935414033136,1.028019045928959,2.124463580906628,1.6962117943500583
PF3D7_1469400,0.7459384833396107,1.985707988398301,2.3490105145120888,1.9973772995444383,2.192651050222663,1.5488736888862158,2.131186713169373,1.8032598374838864
PF3D7_0528100,0.8467088159207471,1.76468825964775,2.115041350106932,2.165834371722953,2.5001391934510213,1.6422004283096965,2.136425793732164,1.8391020698598501
PF3D7_1038000.1,0.7422376965251808,1.9555472787553168,2.0299883573641813,2.269109509580124,2.2935750942451927,0.6739456314310255,2.137055059986204,1.6607339279835032
PF3D7_0817200,1.0268187188222286,1.8813242184463608,1.8646793208088115,2.547050210066084,2.276611593797365,1.3225606270867756,2.142416335779655,1.8198407815046045
PF3D7_1344800,0.900495552474703,1.7378464472983899,2.0129884184341837,2.2959851150068658,2.5274625592854387,0.5254711241982815,2.14357063500622,1.6667082027829772
PF3D7_0919100,1.0538757541545625,1.5186878908844177,2.6293626176808003,1.7283678902724888,2.6981700352466853,1.6288728925605174,2.1436471085210984,1.8762228467999118
PF3D7_1125400,0.8604676242234575,2.028990168231141,2.1487605145507382,2.1490618193328817,2.2554114035356028,0.5747769436650779,2.1455559764125907,1.66957807892315
PF3D7_1246700,0.8628763476415464,1.8425409142793807,2.365349108356291,1.9278093612266796,2.467791163520561,1.1091976659545404,2.1508726368457283,1.7625940934964999
PF3D7_0519000,0.7439589115620621,2.1850571426670324,1.906003160958846,2.3640701170870417,2.1613891706576984,0.6309737258106398,2.154129897842654,1.6652420381238864
PF3D7_1437000,0.9166885996207133,1.6676273668301762,2.3309514990621945,1.93248102672467,2.708055066112646,1.5416807390806397,2.1597787396824217,1.8495807162385065
PF3D7_1427200,0.6143198800587982,2.1692116933974566,2.1769207808540005,2.0671006015383444,2.2346668635744305,1.1797921578239023,2.1619749848410583,1.7403353295411554
PF3D7_1143400,1.047897478492948,1.813662836580444,2.384596952021141,1.8573809816602749,2.610224285100999,1.6912658418050266,2.166466263840715,1.9008380626101389
PF3D7_1352400,1.0430143609338869,2.123198243883305,2.126237780289066,2.1690933873719915,2.248325580863096,1.988125634845596,2.166713748101865,1.9496658313644901
PF3D7_0714200,0.9854889134814554,1.938194818617904,2.0016543775295093,2.3169411952777814,2.4104746798711663,1.6460107341146588,2.1668162678240903,1.8831274531487456
PF3D7_0924000,1.0221649568575937,1.7617593521297423,1.8278700973803208,2.5160521174550925,2.5781146972943443,1.100313254047084,2.170949066064875,1.801045745860696
PF3D7_1434000,1.0448232969582707,1.753855531601043,2.284213922466308,2.1267087886540423,2.520923434377126,0.7937225806285113,2.17142541927463,1.754041259114217
PF3D7_0214700,1.0112468748450518,1.6199613515000555,2.3056763292623432,1.7594792493982971,3.0007295082221885,2.2876205447807663,2.1714616095957213,1.997452309668117
PF3D7_0420300,1.0195673272901995,2.1898925063675136,1.6890591531802686,2.6268021876157017,2.2083229694115465,1.0774645180851254,2.178519204143757,1.8018514436583928
PF3D7_1225800,1.0431941488248322,1.6603979508355688,2.1309158628530134,2.2214994542057664,2.706211928496619,1.2604836158244492,2.179756299097741,1.8371171601733751
PF3D7_1362200,0.761403072438213,2.0049921680575813,2.001100540382853,2.426147781874274,2.287974610427788,0.9864306322980868,2.180053775185624,1.7446748009131328
PF3D7_1344200,0.7924916454488078,1.710607974425412,2.1436613136586327,2.193788145957896,2.688845847719651,0.939677818765948,2.1842258204403984,1.7448454576627244
PF3D7_1006700,0.9578068278184544,2.062163903233291,2.156230176907503,2.339100498191455,2.1909546332081296,1.2413411746839904,2.1871123028850943,1.824599535673804
PF3D7_0814400,0.6849183632566177,1.861297621720689,1.9498025399585024,2.410539315830958,2.5682606124256098,0.8998088342259529,2.19747502248394,1.729104547903055
PF3D7_1037300,0.8530165114038665,1.8332195844714307,1.9966721758860464,2.3979633811926737,2.568528881176685,0.8642504941749471,2.1990960056817093,1.752275171384275
PF3D7_1144000,1.051640345922323,2.069622453968828,2.389129216590216,2.055671304920807,2.3021143809438325,2.011774995522841,2.204134339105921,1.9799921163114744
PF3D7_1029300,1.040855865622089,1.850496428430088,1.7977881045657,2.6314807306628474,2.5461132603509498,0.4361570879527124,2.2064696310023963,1.7171485795973978
PF3D7_1120900,1.0763526959412553,1.93965104539278,2.4084305944698032,1.8745715976799355,2.6055978682364933,1.1377314568799577,2.207062776444753,1.8403892097667045
PF3D7_0802400,0.9211093658192114,1.8344844987837343,2.1324317665560195,2.3493636166713987,2.514847035256045,1.2926823421433675,2.2077817293168,1.8408197708716292
PF3D7_1132200,0.9432264443114776,2.0944544390297737,2.244560572353134,2.2849780757813654,2.2274178816462302,1.5352129987455605,2.212852742202626,1.8883084019779235
PF3D7_0607800,1.0440411034893091,1.7996771346088385,1.8279512215904223,2.6340859075775107,2.5981788513565283,0.4882795348463194,2.2149732787833254,1.7320356255781546
PF3D7_0806500,1.047326186650485,2.3925571633029503,1.827272175703301,2.6289315604541765,2.0119666906093534,1.3898913347662096,2.215181897517445,1.882990851914413
PF3D7_1429800,0.9144740989564536,1.8769896836307212,2.1388571396062117,2.2650016133065347,2.5825083349711733,1.4978633025555244,2.21583919287866,1.879282362171103
PF3D7_1143100,1.0002588286261271,0.9232721849001752,2.6591475019527815,1.7627104747884328,3.551162029695601,2.012966076399421,2.2240730478342474,1.9849195160604232
PF3D7_0317800,1.1021576158159234,1.9024657002526784,2.52434041198646,1.952498991570976,2.5422970409497596,1.0643021464897224,2.2304005361899684,1.8480103178442533
PF3D7_1408100,1.0912294631963009,2.0808460113131586,2.107845632608635,2.3832387001880595,2.362960687447196,0.946034619470713,2.2337227578892622,1.828692519037344
PF3D7_1126600,0.6253521937003973,2.142906344762072,1.964061639077348,2.5176691146111354,2.31673050421156,0.532236751518284,2.2353419006655293,1.6831594246467994
PF3D7_0716800,0.9599125071610836,2.271343335702233,2.5043053512814537,1.901251679762327,2.2684463344639885,1.3850910130980858,2.2363366753025,1.8817250369115284
PF3D7_1036900,1.0924965368787465,1.8832658004143463,2.3911302453747063,2.045583167571205,2.627053283136895,1.4315318029220268,2.2367581241242878,1.9118434727163207
PF3D7_1407800,1.007319899371097,2.175317292263526,2.349364237288205,2.343308471035648,2.1241061214903834,2.050498868856282,2.2480240305194408,2.00831914838419
PF3D7_0109000,0.9282745733756028,1.3052200998387042,2.464393374552009,1.9196600776103188,3.3151400316459974,1.9440990662604332,2.251103395911757,1.979464537213844
PF3D7_1311400,0.927493340869623,1.8284947724377043,2.6052174829024226,1.9805846745374924,2.6338789808030487,1.5454823559073918,2.2620439776701673,1.9201919345762808
PF3D7_0726800,1.0315531519089018,2.275752164125849,2.7336487590279037,1.8540834203450591,2.1934089675401527,1.0258736466945615,2.2642233277597406,1.8523866849404047
PF3D7_1426200,1.1187087033218637,2.2105105085232637,2.159031883552809,2.358872886899072,2.361980976202584,0.6612079793515679,2.2725990637944316,1.8117188229751933
PF3D7_0625700,0.7495577997267049,1.7419434297125778,3.145255102746327,1.3672093548298625,2.8460996274156374,1.6039294661661,2.275126878676101,1.908999130099535
PF3D7_1202900,1.014092003637211,2.3979948217708844,2.239204158713552,2.3010442852890294,2.1667190112041648,1.1471417030709554,2.276240569244408,1.8776993306142995
PF3D7_0213100,0.8202182357205652,2.217215668876588,2.168616392800007,2.4942160100464994,2.2324817042876424,1.2498302067513802,2.278132444002684,1.8637630364137805
PF3D7_1107700,0.7713122645767114,1.976684426285423,2.412045229631605,2.1819019152907124,2.556038897773516,1.6570079468248256,2.2816676172453136,1.9258317800637987
PF3D7_0104500,1.093093247344179,2.0540320510191865,2.142924953210632,2.5118391905860147,2.4408779767338604,0.704701619877928,2.287418542887424,1.8245781731286337
PF3D7_1244400,0.7701122447909385,1.6878577067845313,2.5076501250175283,2.1128018605416345,2.845496867111757,1.1579693179120572,2.2884516398638626,1.8469813536930744
PF3D7_1245300,0.7177411827071576,2.1593421224691918,1.85623338137489,2.717953689901422,2.427228614619924,0.5405665329324261,2.2901894520913566,1.736510920667502
PF3D7_0405700,0.8947344846547728,2.183999648301601,1.9804120373248348,2.6263516883963054,2.3735044882779017,0.8307102543343032,2.2910669655751614,1.8149521002149531
PF3D7_1443500,0.5442383771287893,2.2615548164105417,2.131341840827814,2.450931410904189,2.327221154580373,0.581170978823694,2.2927623056807294,1.7160764297792337
PF3D7_0629500,1.1428429661415314,2.0964438635319187,1.819249497701251,2.8909345896769816,2.382747228570662,1.2166477734062149,2.297343794870203,1.92481098650476
PF3D7_1310500,1.0844073502836542,1.7757317708673523,2.9010425231165504,1.54433774700143,2.9813716690980083,1.9015558265258201,2.300620927520836,2.031407814482136
PF3D7_1229500,1.151525986896113,2.02225877318726,2.1274011279263867,2.4458893222210363,2.628656949814586,1.0554435569186065,2.306051543287317,1.9051959528273317
PF3D7_0709000,0.8373294993945751,2.1948868663295897,2.0795897019073863,2.6644874767566296,2.3153803791848397,2.0050167113182447,2.3135861060446112,2.016115105815212
PF3D7_1038100,1.0433027721758616,2.2882409616968094,2.095499268226422,2.4878882982421966,2.390743177956533,1.5549714063644555,2.31559292653049,1.9767743141103797
PF3D7_0621400,0.8335762486020839,1.3239871884574674,2.7650644772445467,1.7585580855499623,3.42024613551537,2.0127558591071715,2.3169639716918367,2.0190313324127667
PF3D7_1371900,0.9482672897939446,2.2888898565236464,2.071446958289892,2.5170515974215286,2.3922112639399384,0.8796087028616669,2.317399919043751,1.8495792781384361
PF3D7_1303500,0.7114815441422626,1.7634931366992748,2.2925027280589743,2.3467497944391797,2.8731964596269863,0.882787847895708,2.3189855297061035,1.811701918477064
PF3D7_1334200,1.1122678971765918,2.099583730085432,2.3616578712501237,2.3328542802696024,2.4822387326110267,1.122256295050749,2.319083653554046,1.9184764677405877
PF3D7_0720000,0.9768837633955084,2.099278827646508,2.182939403202962,2.297038570225852,2.7042702528350735,2.0111519888971685,2.3208817634775984,2.045260467700512
PF3D7_0629300,0.779569655170538,1.0392455553980768,2.9612213157609286,1.645744595204503,3.647882735014276,2.4316435872360542,2.3235235503444462,2.084217907297396
PF3D7_0113000,1.0920679162986624,2.202667415161168,1.8497090747588327,2.7451768522545974,2.4996703272764864,1.1998100799358555,2.324305917362771,1.9315169442809341
PF3D7_1470600,0.9258598425351036,2.177765316765354,2.1601288915704986,2.5057093797734464,2.4642358060654623,0.4648640386552851,2.32695984854369,1.7830938792275248
PF3D7_0908600,0.9457689220647798,2.055807915897732,2.6217233147103296,1.9985412681682064,2.6413326141651154,1.5452903502188233,2.329351278235346,1.9680773975374972
PF3D7_1402000,0.776651995071938,2.051692236536595,2.673374928936089,2.0048133846027296,2.593835194361377,1.0295728546320415,2.3309289361091983,1.8549900990234616
PF3D7_1030200,0.8669549062641991,1.1532215437407358,2.7898939991065834,1.8041397030280728,3.5767582685110715,2.210760235507439,2.331003378596616,2.0669547760263502
PF3D7_0812700,1.127077801742353,1.7296898129162253,2.4849735163515554,2.2786988179657968,2.8319411353510238,1.8867260028906092,2.3313258206461502,2.056517847869594
PF3D7_0110900,0.8522837766926717,2.433577490038407,2.405630153199626,2.2738801161955267,2.2586979199398294,1.4640471857577029,2.3429464198433467,1.9480194403039608
PF3D7_0310700,1.16619632038619,1.8955471442991458,3.0482114337148247,1.615568756851708,2.8369680580393086,1.93748387542438,2.349073848226247,2.0833292647859265
PF3D7_0929200,1.0254035082970012,2.1490161903737857,2.491329009735463,2.2799530984122662,2.5040514326600656,2.469644246641552,2.356087432795396,2.153232914353356
PF3D7_0905900,0.9898340197290768,1.9733473070207728,2.8396754074432,1.79341631158728,2.8262362076761938,2.3901586236797794,2.358168808431861,2.1354446461893843
PF3D7_0617900,0.9770845393850488,2.563658484487348,2.3838026466496967,2.200401049106105,2.2939550953879864,1.2739850516950368,2.360454318907784,1.948814477785204
PF3D7_1450100,0.9775644501155201,2.2987767711067786,2.329336708738484,2.5151940906669124,2.3045868482695013,1.6939979288540823,2.361973604695419,2.0199094662918795
PF3D7_0512700,1.0603924962848963,2.5224515439912016,2.3436783504724694,2.3507522830671164,2.2531718216017804,0.901675276548452,2.3675134997831417,1.9053536286609865
PF3D7_0216600,0.7740595834641517,1.9216443576595457,2.3383325261061008,2.373486728941783,2.872872789943685,1.4772318937232904,2.3765841006627793,1.9596046466397596
PF3D7_0821400,1.1823945065886994,2.1573698069134224,2.6519862196377533,2.16416679657774,2.5379125698035585,1.746831687702843,2.377858848233118,2.073443597870669
PF3D7_0317300,1.0466822793857755,1.9879247484765972,2.6884169848983595,2.0432374662034154,2.808813731496928,1.8483408883132884,2.382098232768825,2.070569349795728
PF3D7_0807700,1.0043867261176609,1.742471431984423,2.5057356090157,2.192399832694768,3.0937763416243285,2.7479586278825083,2.383595803829805,2.2144547615532315
PF3D7_1365800,1.1480355160960556,1.913043014748343,2.1726093566047275,2.8045282199102624,2.653597196510701,2.239077942834062,2.3859444469435083,2.1551485411173585
PF3D7_1367600,0.9199919603555916,2.2854587054268607,2.6910247648677115,2.1953487998169128,2.3770833151342567,1.5700566212592844,2.387228896311436,2.006494027810103
PF3D7_1010600,0.8589680391431741,2.2408894148733776,2.4881545371226985,2.3560477428374464,2.4685530595143272,2.288812741939959,2.3884111885869626,2.116904255905164
PF3D7_0512200,0.8728614798443937,2.2169693424562933,2.369911206375224,2.4523821038564293,2.5204583860829994,0.908368314823296,2.3899302596927368,1.8901584722397728
PF3D7_1455300,1.0083357959840515,1.2072906793292186,2.7822478644849333,1.887266273864464,3.685121881720105,2.2800830613369008,2.3904816748496804,2.1417242594532793
PF3D7_0730300,0.5408711078570646,2.1921278462049982,2.419464195993652,2.39848705712954,2.5807719307909407,1.1032925520095331,2.3977127575297823,1.8725024483309545
PF3D7_1437900,1.0171667607731123,1.9908015138464998,2.5717424756629432,2.164317540377497,2.8727389916711243,1.8541394403652025,2.399900130389516,2.0784844537827296
PF3D7_1471000,1.1412889749867543,2.142847370959521,2.3959208811949657,2.4740279446333213,2.5882141084611403,1.1155742655059568,2.4002525763122367,1.9763122576236096
PF3D7_0813600,1.133579699490981,2.0709092984064945,2.709354337071857,2.1393137279165457,2.691612656742901,1.5245813716681276,2.4027975050344503,2.044891848549484
PF3D7_0512400,1.183465818736146,2.0179840749059546,2.695805547552183,2.143105488178971,2.7558069609531515,1.3524022769413202,2.403175517897565,2.0247616945446207
PF3D7_1220600,1.0323375840160585,1.824463899507179,3.2026790575774715,1.6543086694052769,2.9326364690600037,2.4836156635337385,2.403522023887483,2.1883402238499547
PF3D7_0112000,1.0881617048692929,2.0141876244096206,2.4411827383976146,2.4105133832708243,2.794277369509771,0.9404813896071113,2.415040278896958,1.9481340350107061
PF3D7_1312700,1.0549550701691393,2.2579433328934084,2.571790255488966,2.239606774280892,2.661196666789634,0.7232834561510633,2.432634257363225,1.9181292592955168
PF3D7_1135100,0.6000522735064527,2.080906229760449,2.2987047857447984,2.5522123855567087,2.798915996211837,1.0993536653401583,2.4326848493184485,1.9050242226867344
PF3D7_1459400,1.1962848356126152,2.0032813918284766,2.23252765212552,2.6636595054461134,2.8317137971012065,0.960313233410326,2.432795586625329,1.9812967359207097
PF3D7_1206700,1.1209255216227991,2.2776669189961947,2.3377417799284896,2.6093663367755906,2.519359960049448,0.8020196345429749,2.4360337489374304,1.944513358652583
PF3D7_0616700,0.8860164603588834,2.2999799899395987,2.684735024433372,2.265576332679896,2.5017185360254293,1.030948775526155,2.438002470769573,1.9448291864938887
PF3D7_1215100,0.8009643563306391,2.2576818612626153,2.2118867905339585,2.6843770093815564,2.5992534390268034,0.596436298969689,2.4382997750512327,1.8584332925842104
PF3D7_1206200,1.0844585696966769,2.209864181435755,2.481762316609049,2.3381343337370413,2.7476545813470383,0.8467383439125349,2.4443538532822204,1.9514353877896824
PF3D7_1311800,0.7066573978123893,2.268573147636063,2.2545748560337757,2.6235615248696296,2.6410228231379613,1.1293150373956045,2.4469330879193576,1.9372841311475708
PF3D7_0936400,0.8923220049831232,2.283094229803794,2.3139055821090158,2.6571855254229355,2.544636219906005,0.7551033226593077,2.449705389310437,1.9077078141473636
PF3D7_1001200,1.045144798646107,2.331543110584466,2.578376700689557,2.2873794690539597,2.6222261568513168,0.9762387925057404,2.4548813592948253,1.9734848380551917
PF3D7_0921400,1.1419286157218025,1.823385719228336,2.7099444668114536,2.3184358431486385,2.9871172974634503,1.0889488695882656,2.459720831662969,2.0116268019936574
PF3D7_1143800,1.0817401070146184,2.35346379363756,2.17049914214775,2.826866140041166,2.540495390655405,1.1157309555408508,2.4728311166204704,2.0147992548395592
PF3D7_1470700,0.9022137226447996,2.425074812063775,2.3947298917000013,2.5507645590724515,2.5256565645129,0.8156795956329823,2.474056456837282,1.935686524271152
PF3D7_0816100,0.6000987885051394,2.1780283608423345,2.6715764120810497,2.2755138174621345,2.78040063669294,1.4406582756376174,2.4763798067696148,1.9910460485368693
PF3D7_1242800,0.7765102663052472,1.900596611355235,2.799910329032237,2.2486661205220955,2.9669505004094283,1.826677130457829,2.479030890329749,2.0865518263470118
PF3D7_0311600,1.0248073065436099,2.151925487101076,2.401420351887744,2.6474627349589746,2.728416245572764,0.9993653514562342,2.4823062048801394,1.9922329129200669
PF3D7_0409400,0.6335669034582206,2.26049784855248,2.264764361522731,2.6987088505295307,2.7194138330425734,0.5602900776319187,2.4858462234118286,1.8562069791229092
PF3D7_0500800,0.9292105276989228,2.188759280883355,2.1111584658752256,2.863504622283949,2.8266856864746104,0.5393838289031238,2.497527013879285,1.9097837353531977
PF3D7_1302900,0.6311972400335879,2.2388083560831813,2.3749206411877273,2.698660523387996,2.6794971428798418,1.1101547799890292,2.4979716658846867,1.9555397805935608
PF3D7_0913400,0.6703416873938526,2.2752842272723965,2.3207259084263283,2.6987959895538003,2.709728730196212,0.6489108476593239,2.5011337138621843,1.8872978984169857
PF3D7_1412700,1.1173453044757728,2.1168045895053327,2.3262869733905176,2.6849748389071073,2.8773799407690275,0.9832790191956524,2.501361585642996,2.0176784443739018
PF3D7_0824500,0.9501572942818022,2.4712112899597374,2.4736437187608344,2.5240600897559626,2.5911460934800523,1.075357962850228,2.5150152979891467,2.0142627415147696
PF3D7_0824100,0.7617798924699667,2.3485275889377863,2.225278859225481,2.849034254320792,2.6403576802627207,0.7654215197763331,2.5157995956866945,1.9317332991655132
PF3D7_0214000,0.7576984400971665,2.3512287004085914,2.4724003511287025,2.5783576902252854,2.716195132196243,1.1610781779369157,2.5295454684897054,2.006159748665484
PF3D7_0209800,0.8588022952765527,2.4258587046314832,2.8603551937782026,2.134078938334218,2.720835947122163,3.137781796583124,2.535282195966517,2.356285479287624
PF3D7_0821700,1.154799281987252,2.7235956325506536,2.4648278824937684,2.593032638285452,2.3925697339561833,1.5168147178938585,2.543506471821514,2.140939981194528
PF3D7_0212300,1.1503620253998392,2.5328793266405163,2.8113867539729056,2.2122543238954324,2.6635586262266653,1.6048165067167537,2.5550197576838802,2.162542927142019
PF3D7_0915400,0.8807466366604438,2.470251067503924,2.348482793260192,2.8013554284328914,2.6141626970730187,1.4284540344343508,2.5585629965675065,2.0905754428941368
PF3D7_0919700,1.1191145479413405,2.258263456434175,2.750232167651513,2.435533826730541,2.8289019116709584,1.0985014586112307,2.5682328406217967,2.08175789483996
PF3D7_0517200,1.0397731146761993,2.9032030429774798,1.84246717509808,3.2925211869718067,2.2532543635963833,1.8236191951164988,2.5728614421609377,2.192473013072741
PF3D7_1020100,0.7614996149445421,1.0834256404315137,4.331952139312242,0.7322558433757921,4.1823596162685694,4.159378981217814,2.582498309847029,2.5418119725917454
PF3D7_0918900,0.7396647869644188,2.2017297972744028,2.6898042223571115,2.560449170152695,2.905962134038408,1.33631975163909,2.5894863309556544,2.072321643737688
PF3D7_1111200,1.1728617141089337,2.3494657900590186,2.350511337544169,2.798714016670421,2.880815010422948,0.9503554374512344,2.5948765386741397,2.0837872177094545
PF3D7_1458400,1.164952347222406,2.300915460206602,2.524669338014243,2.671386342664802,2.911454777369792,0.8511609810698543,2.60210647956386,2.070756541091284
PF3D7_0703700,1.1092436222674475,2.246583808291984,2.8767473503564998,2.5068329289009297,2.8011333275869483,2.55781734728998,2.60782435378409,2.3497263974489644
PF3D7_1029600,0.8789913310842971,2.3000399382107206,2.379169451318817,2.8653440176864686,2.9547677238955083,0.4967062317103161,2.6248302827778787,1.9791697823176881
PF3D7_0725200,1.295450294715941,2.282369966109445,2.38895245444321,2.6466593738092965,3.193480305126183,2.03303420280818,2.6278655248720337,2.3066577661687093
PF3D7_0532200,0.9663549518434976,2.3648387349658235,2.600501991633504,2.7680136623006044,2.8082406165568576,1.946793277121862,2.635398751364197,2.2424572057370247
PF3D7_0819900,1.1207467533844542,2.747329773158855,2.971141836473686,2.2025801430045364,2.671173237623516,1.3153932265123995,2.6480562475651483,2.171394161692908
PF3D7_1434300,1.1175083381834998,2.6335522676724974,2.285682884026339,2.9394308328478003,2.7397854770637,1.1822835257257198,2.649612865402584,2.1497072209199257
PF3D7_1135400,1.111067489924106,2.113273380525388,3.051485741626568,2.28751575329383,3.15415680270398,1.9540698928314704,2.6516079195374407,2.278594843484224
PF3D7_0221200,0.9940260231323216,3.009900723141933,2.3901917549606333,2.8442061336259266,2.3882116012464367,1.4711627757346173,2.658127553243732,2.1829498353069776
PF3D7_1338300,0.898192895543078,2.510471816796356,2.745820634119139,2.604240782463933,2.815743339992777,1.5781291384148108,2.6690691433430507,2.1920997678883487
PF3D7_1353000,0.9996042558090644,1.871463163655514,3.2541043301030137,2.180600324842226,3.3844093763538687,1.8544220397995512,2.6726442987386556,2.2574339150938734
PF3D7_1228900,1.0405921741629434,2.4693614281640177,2.448365301830556,2.8586865439721603,2.954843328371515,0.5912090377226086,2.682814150584562,2.060509635703967
PF3D7_1249100,1.203432064625457,2.340677191522681,2.6210003189576967,2.7401079540675783,3.0420892508238238,1.370269675948092,2.685968678842945,2.2195960759908884
PF3D7_0318700,0.5862987217342466,1.406545685710204,3.6563898038621785,1.7678504659969168,3.9376610385958397,2.9504263571156755,2.6921117485412847,2.3841953455025098
PF3D7_0607000,1.1975024980259583,2.4435990259435774,2.58330166933702,2.8504058275673185,2.96213161780754,1.2079397224322976,2.709859535163864,2.2074800601856186
PF3D7_1442000,1.106738710228257,2.6395231249479725,2.7446187124687493,2.7518528539847367,2.731498356062429,1.1886544603285998,2.7168732618659717,2.193814369670124
PF3D7_1207600,1.2017485027672128,2.520805398614322,2.5906768084489893,2.864899174242027,2.9143029005837486,0.8466144558973133,2.722671070472272,2.1565078734256016
PF3D7_0815200,1.2625022338094551,1.9430422661479223,3.130270042531674,2.4248968211020925,3.4067534279177285,1.6957845946356185,2.7262406394248546,2.310541564357415
PF3D7_1401600,0.786700857847385,1.362075765932572,3.5787727197767643,1.913718630222054,4.149282729231516,2.569661744653924,2.7509624612907273,2.3933687412773694
PF3D7_1465200,0.9611163050970236,2.539930079447461,2.8839426875082075,2.7106767774146068,2.9158296351451463,0.9406222213253989,2.762594794878856,2.158686284322974
PF3D7_1337300,1.154019113277875,2.3950081866355983,2.648263049450746,2.8741685027622883,3.1787761541776565,1.6151644906208744,2.774053973256572,2.3108999161541735
PF3D7_0217700,1.3053059088101422,2.7654803412607656,2.8641327459166037,2.6996459547399185,2.772367717057069,1.3887200547676242,2.7754066897435896,2.299275453758688
PF3D7_0407500,1.0413236139637645,2.4887282290951718,3.282114993002187,2.3366196610190397,3.111326415274497,1.824253948069508,2.8046973245977243,2.3473944767373616
PF3D7_1218400,1.0728715333210357,2.1211709972193185,3.2047442064417515,2.3683648845370717,3.534800676053272,2.1746213749958443,2.807270191062853,2.4127622787613827
PF3D7_1325100,0.8582527480811329,2.4333715887664704,2.9883256003585315,2.6383573018709723,3.1955283152758645,1.6969780770009788,2.81389570156796,2.3018022718923254
PF3D7_1325800,0.6867104838522889,2.773432958061816,2.575946573584172,3.1342201981639666,2.9205905261441565,0.8551749020202425,2.851047563988528,2.157679273637774
PF3D7_0822400,1.280131012867457,2.835755625131932,2.774636736555785,2.9196053296167266,2.920743773858888,1.3526303346297126,2.8626853662908327,2.3472504687767497
PF3D7_1310400,1.1641400017861656,2.6697181253571505,2.7098780809757685,3.0669352349552645,3.0418093185546216,1.3566450732171291,2.8720851899607016,2.334854305807683
PF3D7_0611400,1.25243462980039,2.312997301851534,3.3317304331834694,2.5015737734050685,3.3465014520029785,2.147113122349958,2.8732007401107627,2.4820584520989
PF3D7_1216900,1.1476815140839098,2.6887318959926576,2.9561042411910456,2.726635555540168,3.1773206503743703,0.997002818274322,2.8871980857745605,2.282246112576079
PF3D7_0301300,1.4300679752498568,2.989854736348127,2.9527730257728253,2.8393593871421894,2.8001212581521266,0.7990144347628109,2.8955271018538173,2.301865136237989
PF3D7_0914000,1.1159183565385664,2.5145148852178703,2.8466431837708015,2.9508872476049084,3.3108894144790684,1.5541007358359449,2.9057336827681617,2.3821589705745265
PF3D7_1427800,1.194663276715029,2.7822516584528327,2.645572110974685,3.254273156087527,3.016401072700829,1.770318451054084,2.9246244995539685,2.4439132876641643
PF3D7_1456900,1.2593180945333142,2.4572766402775628,3.1454491875101995,2.7303197752009614,3.3811583249799138,1.5445577426721742,2.92855098199216,2.419679960862354
PF3D7_1106000,0.9878425283412916,2.6750850428135298,2.7998508695925377,3.1197768805477826,3.1316434092625767,1.0538578230824618,2.9315890505541065,2.294676092273364
PF3D7_1214200,0.9802379603110783,2.6237710877868023,2.530328408973566,3.4573989424016887,3.217764753999216,1.3504326047074542,2.957315798290318,2.3599889596966346
PF3D7_1207900,1.0041380408737908,2.7392844283838005,2.9195185723627968,3.04787479732274,3.1244513861381256,0.8542562106550214,2.9577822960518656,2.281587239289379
PF3D7_1339300,1.2201666017720842,3.2419632827781864,3.0495011612842977,3.1032483971804266,2.481675460469001,1.7084833025666768,2.9690970754279777,2.4675063676751123
PF3D7_1358700,0.9265539967475048,2.8691361889060247,2.9044760542712633,3.2328375753853655,3.0925656384119367,1.8228240754008118,3.0247538642436482,2.4747322548538184
PF3D7_1108300,1.3266138529167508,3.0632320383697498,2.9788763197205563,3.337258575529943,2.720251873092787,2.629345587996472,3.0249047016782598,2.67592970793771
PF3D7_0708800,1.4484387336757492,3.1451684728687805,2.703098267448243,3.3112960019649305,3.1197655553054617,1.4124571844082778,3.0698320743968535,2.5233707026119068
PF3D7_0935300,1.0299841046949394,3.3700828325866894,3.0169608978865345,3.3174745759283053,2.620701412375379,2.3872986767519357,3.0813049296942268,2.623750416703964
PF3D7_1304200.1,1.0944226872309637,2.86358313258528,2.62239392367613,3.589357909076411,3.265245722520855,1.7508172880598807,3.0851451719646694,2.5309701105249203
PF3D7_0626700,1.2013477672565902,2.29182527057308,3.2420164264688225,3.0440321425061883,3.764842884404982,2.0915154510957694,3.085679180988268,2.6059299903842392
PF3D7_0729500,1.3762499754836386,2.9064192850972064,2.9674113350294684,3.258145931257844,3.243977995885672,1.3091021063822996,3.0939886368175475,2.510217771522688
PF3D7_1339500,1.3215071990291196,2.600978346608164,2.9780268662606506,3.3540929013846803,3.5413895970596867,1.4498711882916089,3.118621927828296,2.540977683105652
PF3D7_0219100,1.3853571866508896,2.5490852087214826,3.0393050001669937,3.3234035037113263,3.5901752151713224,1.4143532972273187,3.1254922319427814,2.5502799019415554
PF3D7_1364500,1.5550367704404595,2.7855890760764974,3.310554874411733,3.0997441671983057,3.4490538556144137,2.435320822433152,3.1612354933252376,2.7725499276957595
PF3D7_0902000,1.2280480961542355,3.1092721920851427,3.182298595709005,3.2004112711814936,3.2843152617626905,1.1687010512550509,3.1940743301845838,2.528841078024603
PF3D7_0304200,1.3965798950841235,2.7339597414057377,3.424294666838907,3.1620205398146135,3.508736135254022,2.9115016351290754,3.20725277082832,2.8561821022544134
PF3D7_0110800,1.1861155375371235,3.1105375074986545,3.1369137124896813,3.367620526995998,3.2204380382701183,1.7158655162225906,3.2088774463136125,2.622915139835694
PF3D7_1105600,1.3611304377723241,3.0658869640572566,3.2540066626946618,3.3155304677627275,3.3729569652807005,2.014457669787384,3.2520952649488373,2.7306615278925093
PF3D7_1201500,1.0221219709907527,3.164142690975853,3.2128674146291227,3.3037430009457367,3.3878946167072272,1.6412692346455824,3.267161930814485,2.622006488149046
PF3D7_0925900,1.082740231397121,3.3486611529440933,3.171539372334032,3.3279475138322385,3.224035734086447,2.1973261783208207,3.2680459432992026,2.725375030485792
PF3D7_0303300,1.534538248936692,3.0339448086352934,3.1049273601827925,3.377923723162477,3.589030431172548,2.4303661102005862,3.2764565807882784,2.8451217803817315
PF3D7_0731400,0.9968323502081952,3.1034781796605357,3.4359450105656646,3.1468752470930563,3.4565187741489933,1.1261726207967349,3.2857043028670634,2.544303697078864
PF3D7_0722400,1.4839003622250144,2.8118564455145774,3.4966910557545625,3.001955379512903,3.850534258247564,1.6029598900927342,3.290259284757401,2.7079828985578924
PF3D7_1445700,1.4864013946253198,3.3599442355799205,3.3522110602425017,3.071081324751253,3.4235843548127254,2.3473696024643367,3.3017052438466,2.840098662079343
PF3D7_0810600,0.8813375904146583,2.967192198511666,3.4099818870148013,3.30185877613628,3.7821462457985247,1.5485539462222515,3.3652947768653183,2.6485117740163635
PF3D7_1237100,1.3537215470993038,3.1543924593962682,3.127838867638371,3.842881383343882,3.4232071699152717,2.1265444332874552,3.387079970073448,2.8380976434467584
PF3D7_1314900,1.6410365975361532,2.9828567600104963,3.36193407844387,3.6601966370786,3.5712146359289125,1.7622634240031143,3.3940505278654696,2.8299170221668577
PF3D7_1117300,1.657356528944777,3.5932467466962765,3.514697600974062,3.5045408128279623,2.9953262106629666,2.7835434811645094,3.4019528427903167,3.0081185635450924
PF3D7_0309000,1.6863961957580182,2.9468442307033977,3.5661000781122665,3.3054828034598587,3.935714399095912,2.338704701251628,3.4385353778428582,2.9632070680635136
PF3D7_0517700,1.369024237679196,3.2797922828672994,3.5047513893397677,3.466084300247426,3.5735775795921563,2.3252915590295267,3.4560513880116623,2.9197535581258958
PF3D7_1428300,1.5068514220491889,3.0348881347031984,3.632920398722249,3.3448968370988204,3.821626722103648,1.8976537339362642,3.4585830231569785,2.8731395414355614
PF3D7_1407500,1.609571322653727,3.28276064772577,3.669130934861256,3.4256642410209825,3.6088885623561846,3.080660857694057,3.4966110964910486,3.112779427718664
PF3D7_0716900,1.5882835989782342,3.065878283212866,3.856364435354321,3.247147378911339,3.964315717271156,1.8621636043855825,3.5334264536874205,2.9306921696855834
PF3D7_1213700,1.5035446701635389,3.379674275541343,3.5561312852321785,3.549597211005879,3.6848929404210167,1.573257238514114,3.5425739280501047,2.8745162701463456
PF3D7_0523900,1.2311304957064928,3.1429458851832663,3.6706657178440296,3.7594237408159534,3.692165437156797,4.061609458687187,3.566300195250012,3.259656789232288
PF3D7_1408900,1.5593204762000814,3.4429984313700164,3.292106479102411,3.952588973434733,3.593455315181106,3.1056141587350274,3.570287299772067,3.1576806390038965
PF3D7_0935100,1.527304127250086,3.397750159762728,4.0430353513627,3.087567517428893,3.876727277543195,2.157087330403814,3.601270076524379,3.014911960625236
PF3D7_1366100,1.7639413705055038,2.4303078334257457,4.701889411254445,2.562470585006216,4.730143562634266,3.5565997049488036,3.606202848080168,3.290892077962497
PF3D7_1308200,1.3189608613431394,3.1913719821638864,3.6227020068408597,3.6607745799978084,4.016312873035252,1.809303447512274,3.622790360509452,2.9365709584822035
PF3D7_1246500,1.6270076194409862,3.4736652037185483,3.727177960928205,3.4674645739220216,3.846767401969915,1.7388217243792647,3.628768785134672,2.9801507473931563
PF3D7_1007900,1.2620056667218156,3.250399307862589,3.489591896108648,3.7236237951971387,4.085080152570354,1.6325992024057547,3.6371737879346817,2.907216670144383
PF3D7_0801900,1.2594686860713065,3.2381316450651947,3.4209165153895538,3.981955154472823,4.0767111131785265,1.2160671851856082,3.679428607026524,2.865541716560502
PF3D7_0923000,1.798962255876842,3.494726853231747,3.9157147554462526,3.447531669144796,4.0865295331006815,2.745090738783884,3.736125702730869,3.248092634264033
PF3D7_1419300,1.4265471847010902,3.4073752342687524,3.7504822388033583,3.836307231572041,4.038324654520717,1.8413711161848607,3.7581223397912167,3.0500679433418028
PF3D7_0314700,1.1432423597646242,3.3627423074604272,3.2589848616667814,4.30886621309909,4.1891684516516285,0.5080867211480697,3.7799404584694822,2.7951818191317703
PF3D7_0524000,1.3968624737091826,3.6013365078550117,3.482919467336912,4.042490509497722,4.014655325687666,2.2852479707494173,3.785350452594329,3.137252042472652
PF3D7_1201400,1.3239051007808234,3.836172424196597,3.382758603947557,4.451634208263736,3.9362155322250967,1.3324406919029432,3.9016951921582463,3.0438544268861247
PF3D7_1355500,1.7816327932170009,3.4149473534721912,4.0353149055532045,3.9493358585045737,4.273883824013983,1.86457314632452,3.918370485385988,3.2199479801809123
PF3D7_0830700,0.57823028401525,4.088471642909128,3.7983446538855237,4.356075148295118,4.033135468111232,0.7623889710599704,4.069006728300251,2.936107694712704
PF3D7_0707900,1.9018884114844283,4.139349300655684,4.274765241364846,4.407633916253321,4.374754371722475,2.873500050893035,4.299125707499081,3.6619818820622982
PF3D7_1442300,1.7289205112062171,4.243168478216608,4.641666586125572,4.26446199424233,4.866974098755375,3.0000031526456303,4.504067789334972,3.7908658035319553
PF3D7_1415800,1.7257629612048602,4.702711369107908,4.839188870328923,4.726073239599357,4.930429877337931,2.596599733484322,4.7996008390935305,3.920127675177216
PF3D7_1002500,2.4533228262712967,4.9074709317565475,4.9462874252263065,5.283415843836256,4.585865569727254,2.4001009718351987,4.93075994263659,4.096077261442144
PF3D7_1207800,1.635427686655485,4.81180295414516,4.39512880753663,5.496220556647065,5.076186461860318,1.6887376860024748,4.9448346950472954,3.8505840254745225
PF3D7_0212200,2.2521661669940265,4.722637945174098,5.165704016351868,4.753778107679203,5.21173266744483,3.450484124045834,4.963463184162499,4.259417171281643
PF3D7_0818400,2.070359447595728,5.069555449276477,5.104464943136874,4.708053309043064,5.0124646441945915,3.8739627112534514,4.973634586412752,4.306476750750032
PF3D7_0206600,1.3891295643717312,5.183530909687561,4.954096275559532,5.268719394088337,4.602963396280323,4.2792107967614195,5.002327493903938,4.279608389458152
